[{"model": "Financeiro.cliente", "pk": 2, "fields": {"codigo": "TEZI93", "nome": "Cemig Sa\u00fade", "endereco": "", "municipio": "", "cep": "", "cnpj": "", "fornecedor_despesa": 1, "fornecedor_imposto": null}}, {"model": "Financeiro.cliente", "pk": 4, "fields": {"codigo": "", "nome": "Totvs Belo Horizonte", "endereco": "", "municipio": "", "cep": "", "cnpj": "", "fornecedor_despesa": null, "fornecedor_imposto": 3}}, {"model": "Financeiro.cliente", "pk": 5, "fields": {"codigo": "TEZBAC", "nome": "CAIXA DO SETOR DE ASSISTENCIA DO SETOR ELETRICO EVIDA", "endereco": "", "municipio": "", "cep": "", "cnpj": "", "fornecedor_despesa": 1, "fornecedor_imposto": 3}}, {"model": "Financeiro.cliente", "pk": 6, "fields": {"codigo": "TEZNAL", "nome": "VALEM", "endereco": "", "municipio": "", "cep": "", "cnpj": "", "fornecedor_despesa": 1, "fornecedor_imposto": 3}}, {"model": "Financeiro.cliente", "pk": 7, "fields": {"codigo": "SYNERG", "nome": "SYNERGIA", "endereco": "AV. IPIRANGA, 104 - 13 andar", "municipio": "SAO PAULO", "cep": "01046-010", "cnpj": "05.863.009/0001-40", "fornecedor_despesa": null, "fornecedor_imposto": 3}}, {"model": "Financeiro.fornecedor", "pk": 1, "fields": {"nome": "Totvs S/A", "doc_ted": "0.00", "endereco": "Avenida Raja Gabaglia, 2664, bairro Estoril", "municipio": "Belo Horizonte, MG", "cep": "30380-403", "cnpj": "53.113.791/0012-85"}}, {"model": "Financeiro.fornecedor", "pk": 2, "fields": {"nome": "Luciano Aparecido dos Santos", "doc_ted": "8.50", "endereco": "", "municipio": "", "cep": "", "cnpj": ""}}, {"model": "Financeiro.fornecedor", "pk": 3, "fields": {"nome": "SIMPLES NACIONAL", "doc_ted": "0.00", "endereco": "", "municipio": "", "cep": "", "cnpj": ""}}, {"model": "Financeiro.fornecedor", "pk": 4, "fields": {"nome": "Diogo Ximenes de Moura", "doc_ted": "0.00", "endereco": "", "municipio": "", "cep": "", "cnpj": ""}}, {"model": "Financeiro.fornecedor", "pk": 5, "fields": {"nome": "Vinicius Salsotto", "doc_ted": "8.50", "endereco": "", "municipio": "", "cep": "", "cnpj": ""}}, {"model": "Financeiro.natureza", "pk": 1, "fields": {"nome": "Horas Luciano BH", "aliquota_imposto": "10.26", "aliquota_repasse": "98.95"}}, {"model": "Financeiro.natureza", "pk": 2, "fields": {"nome": "Horas Diogo BH", "aliquota_imposto": "10.26", "aliquota_repasse": "0.00"}}, {"model": "Financeiro.natureza", "pk": 3, "fields": {"nome": "Vinicius Salsotto", "aliquota_imposto": "8.21", "aliquota_repasse": "98.71"}}, {"model": "Financeiro.analista", "pk": 1, "fields": {"nome": "Luciano Aparecido dos Santos", "fornecedor_repasse": 2, "aliquota_despesa": "100.00"}}, {"model": "Financeiro.analista", "pk": 2, "fields": {"nome": "Diogo Ximenes de Moura", "fornecedor_repasse": 4, "aliquota_despesa": "100.00"}}, {"model": "Financeiro.analista", "pk": 3, "fields": {"nome": "Vinicius Salsotto", "fornecedor_repasse": 5, "aliquota_despesa": "100.00"}}, {"model": "Financeiro.nota", "pk": 4, "fields": {"cliente": 4, "inclusao": "2016-11-28", "mes_competencia": 11, "ano_competencia": 2016, "valor": "32363.83", "imposto": "2657.07", "baixa": "2016-11-28"}}, {"model": "Financeiro.nota", "pk": 5, "fields": {"cliente": 4, "inclusao": "2016-12-28", "mes_competencia": 12, "ano_competencia": 2016, "valor": "42569.45", "imposto": "3494.95", "baixa": "2016-12-28"}}, {"model": "Financeiro.nota", "pk": 6, "fields": {"cliente": 4, "inclusao": "2017-01-03", "mes_competencia": 1, "ano_competencia": 2017, "valor": "38233.22", "imposto": "3138.95", "baixa": "2017-01-26"}}, {"model": "Financeiro.nota", "pk": 7, "fields": {"cliente": 7, "inclusao": "2017-02-02", "mes_competencia": 2, "ano_competencia": 2017, "valor": "9129.06", "imposto": "749.50", "baixa": "2017-02-03"}}, {"model": "Financeiro.nota", "pk": 8, "fields": {"cliente": 4, "inclusao": "2017-02-07", "mes_competencia": 2, "ano_competencia": 2017, "valor": "42604.15", "imposto": "3497.80", "baixa": "2017-02-24"}}, {"model": "Financeiro.nota", "pk": 9, "fields": {"cliente": 4, "inclusao": "2017-03-09", "mes_competencia": 3, "ano_competencia": 2017, "valor": "32853.58", "imposto": "2697.28", "baixa": "2017-03-27"}}, {"model": "Financeiro.nota", "pk": 11, "fields": {"cliente": 4, "inclusao": "2017-04-25", "mes_competencia": 4, "ano_competencia": 2017, "valor": "42774.60", "imposto": "3511.80", "baixa": "2017-04-25"}}, {"model": "Financeiro.nota", "pk": 13, "fields": {"cliente": 4, "inclusao": "2017-05-26", "mes_competencia": 5, "ano_competencia": 2017, "valor": "34772.08", "imposto": "3567.61", "baixa": "2017-05-25"}}, {"model": "Financeiro.receber", "pk": 6, "fields": {"nota": 0, "cliente": 2, "natureza": 1, "analista": 1, "inclusao": "2016-09-26", "mes_competencia": 9, "ano_competencia": 2016, "valor": "15929.73", "imposto": "1307.83", "taxa": "205.49", "valor_repasse": "14416.41", "liquido": "205.49", "baixa": null}}, {"model": "Financeiro.receber", "pk": 7, "fields": {"nota": 0, "cliente": 2, "natureza": 1, "analista": 1, "inclusao": "2016-10-27", "mes_competencia": 10, "ano_competencia": 2016, "valor": "14683.41", "imposto": "1205.51", "taxa": "189.42", "valor_repasse": "13288.49", "liquido": "189.42", "baixa": null}}, {"model": "Financeiro.receber", "pk": 15, "fields": {"nota": 4, "cliente": 4, "natureza": 2, "analista": 2, "inclusao": "2016-11-28", "mes_competencia": 11, "ano_competencia": 2016, "valor": "16775.56", "imposto": "1377.27", "taxa": "0.00", "valor_repasse": "0.00", "liquido": "15398.29", "baixa": null}}, {"model": "Financeiro.receber", "pk": 16, "fields": {"nota": 4, "cliente": 4, "natureza": 1, "analista": 1, "inclusao": "2016-11-28", "mes_competencia": 11, "ano_competencia": 2016, "valor": "15588.27", "imposto": "1279.80", "taxa": "201.09", "valor_repasse": "14107.38", "liquido": "201.09", "baixa": null}}, {"model": "Financeiro.receber", "pk": 17, "fields": {"nota": 5, "cliente": 4, "natureza": 2, "analista": 2, "inclusao": "2016-12-28", "mes_competencia": 12, "ano_competencia": 2016, "valor": "14559.92", "imposto": "1195.37", "taxa": "0.00", "valor_repasse": "0.00", "liquido": "13364.55", "baixa": null}}, {"model": "Financeiro.receber", "pk": 18, "fields": {"nota": 5, "cliente": 4, "natureza": 1, "analista": 1, "inclusao": "2016-12-28", "mes_competencia": 12, "ano_competencia": 2016, "valor": "28009.53", "imposto": "2299.58", "taxa": "361.32", "valor_repasse": "25348.62", "liquido": "361.32", "baixa": null}}, {"model": "Financeiro.receber", "pk": 19, "fields": {"nota": 6, "cliente": 4, "natureza": 2, "analista": 2, "inclusao": "2017-01-03", "mes_competencia": 1, "ano_competencia": 2017, "valor": "17129.48", "imposto": "1406.33", "taxa": "0.00", "valor_repasse": "0.00", "liquido": "15723.15", "baixa": null}}, {"model": "Financeiro.receber", "pk": 20, "fields": {"nota": 6, "cliente": 4, "natureza": 1, "analista": 1, "inclusao": "2017-01-03", "mes_competencia": 1, "ano_competencia": 2017, "valor": "21103.74", "imposto": "1732.62", "taxa": "272.24", "valor_repasse": "19098.88", "liquido": "272.24", "baixa": null}}, {"model": "Financeiro.receber", "pk": 21, "fields": {"nota": 7, "cliente": 7, "natureza": 3, "analista": 3, "inclusao": "2017-02-02", "mes_competencia": 2, "ano_competencia": 2017, "valor": "9129.06", "imposto": "749.50", "taxa": "117.76", "valor_repasse": "8261.80", "liquido": "117.76", "baixa": null}}, {"model": "Financeiro.receber", "pk": 22, "fields": {"nota": 8, "cliente": 4, "natureza": 2, "analista": 2, "inclusao": "2017-02-07", "mes_competencia": 2, "ano_competencia": 2017, "valor": "21998.02", "imposto": "1806.04", "taxa": "0.00", "valor_repasse": "0.00", "liquido": "20191.98", "baixa": null}}, {"model": "Financeiro.receber", "pk": 23, "fields": {"nota": 8, "cliente": 4, "natureza": 1, "analista": 1, "inclusao": "2017-02-07", "mes_competencia": 2, "ano_competencia": 2017, "valor": "20606.13", "imposto": "1691.76", "taxa": "265.82", "valor_repasse": "18648.55", "liquido": "265.82", "baixa": null}}, {"model": "Financeiro.receber", "pk": 24, "fields": {"nota": 9, "cliente": 4, "natureza": 1, "analista": 1, "inclusao": "2017-03-09", "mes_competencia": 3, "ano_competencia": 2017, "valor": "13901.94", "imposto": "1141.35", "taxa": "179.34", "valor_repasse": "12581.26", "liquido": "179.34", "baixa": null}}, {"model": "Financeiro.receber", "pk": 25, "fields": {"nota": 9, "cliente": 4, "natureza": 2, "analista": 2, "inclusao": "2017-03-09", "mes_competencia": 3, "ano_competencia": 2017, "valor": "18951.64", "imposto": "1555.93", "taxa": "0.00", "valor_repasse": "0.00", "liquido": "17395.71", "baixa": null}}, {"model": "Financeiro.receber", "pk": 28, "fields": {"nota": 11, "cliente": 4, "natureza": 2, "analista": 2, "inclusao": "2017-04-25", "mes_competencia": 4, "ano_competencia": 2017, "valor": "20811.18", "imposto": "1708.60", "taxa": "0.00", "valor_repasse": "0.00", "liquido": "19102.58", "baixa": null}}, {"model": "Financeiro.receber", "pk": 29, "fields": {"nota": 11, "cliente": 4, "natureza": 1, "analista": 1, "inclusao": "2017-04-25", "mes_competencia": 4, "ano_competencia": 2017, "valor": "21963.42", "imposto": "1803.20", "taxa": "283.33", "valor_repasse": "19876.90", "liquido": "283.33", "baixa": null}}, {"model": "Financeiro.receber", "pk": 32, "fields": {"nota": 13, "cliente": 4, "natureza": 2, "analista": 2, "inclusao": "2017-05-26", "mes_competencia": 5, "ano_competencia": 2017, "valor": "16181.32", "imposto": "1660.20", "taxa": "0.00", "valor_repasse": "0.00", "liquido": "14521.12", "baixa": null}}, {"model": "Financeiro.receber", "pk": 33, "fields": {"nota": 13, "cliente": 4, "natureza": 1, "analista": 1, "inclusao": "2017-05-26", "mes_competencia": 5, "ano_competencia": 2017, "valor": "18590.76", "imposto": "1907.41", "taxa": "195.20", "valor_repasse": "16488.15", "liquido": "195.20", "baixa": null}}, {"model": "Financeiro.pagar", "pk": 1, "fields": {"fornecedor": 4, "inclusao": "2016-09-10", "tipo": "NDE", "mes_competencia": 1, "ano_competencia": 2016, "valor": "440.41", "transferencia": "0.00", "desconto": null, "liquido": "440.41", "baixa": null, "receber": null, "nota_debito": 1, "nota": null}}, {"model": "Financeiro.pagar", "pk": 2, "fields": {"fornecedor": 4, "inclusao": "2016-09-10", "tipo": "NDE", "mes_competencia": 1, "ano_competencia": 2016, "valor": "659.86", "transferencia": "0.00", "desconto": null, "liquido": "659.86", "baixa": null, "receber": null, "nota_debito": 2, "nota": null}}, {"model": "Financeiro.pagar", "pk": 3, "fields": {"fornecedor": 4, "inclusao": "2016-09-10", "tipo": "NDE", "mes_competencia": 9, "ano_competencia": 2016, "valor": "614.58", "transferencia": "0.00", "desconto": null, "liquido": "614.58", "baixa": null, "receber": null, "nota_debito": 3, "nota": null}}, {"model": "Financeiro.pagar", "pk": 4, "fields": {"fornecedor": 4, "inclusao": "2016-09-10", "tipo": "NDE", "mes_competencia": 2, "ano_competencia": 2016, "valor": "556.40", "transferencia": "0.00", "desconto": null, "liquido": "556.40", "baixa": null, "receber": null, "nota_debito": 4, "nota": null}}, {"model": "Financeiro.pagar", "pk": 5, "fields": {"fornecedor": 4, "inclusao": "2016-09-10", "tipo": "NDE", "mes_competencia": 3, "ano_competencia": 2016, "valor": "672.31", "transferencia": "0.00", "desconto": null, "liquido": "672.31", "baixa": null, "receber": null, "nota_debito": 5, "nota": null}}, {"model": "Financeiro.pagar", "pk": 6, "fields": {"fornecedor": 4, "inclusao": "2016-09-10", "tipo": "NDE", "mes_competencia": 3, "ano_competencia": 2016, "valor": "403.45", "transferencia": "0.00", "desconto": null, "liquido": "403.45", "baixa": null, "receber": null, "nota_debito": 6, "nota": null}}, {"model": "Financeiro.pagar", "pk": 8, "fields": {"fornecedor": 2, "inclusao": "2016-09-10", "tipo": "NDE", "mes_competencia": 9, "ano_competencia": 2016, "valor": "565.10", "transferencia": "8.50", "desconto": null, "liquido": "556.60", "baixa": null, "receber": null, "nota_debito": 8, "nota": null}}, {"model": "Financeiro.pagar", "pk": 9, "fields": {"fornecedor": 2, "inclusao": "2016-09-10", "tipo": "NDE", "mes_competencia": 4, "ano_competencia": 2016, "valor": "565.69", "transferencia": "8.50", "desconto": null, "liquido": "557.19", "baixa": null, "receber": null, "nota_debito": 9, "nota": null}}, {"model": "Financeiro.pagar", "pk": 10, "fields": {"fornecedor": 2, "inclusao": "2016-09-10", "tipo": "NDE", "mes_competencia": 9, "ano_competencia": 2016, "valor": "567.55", "transferencia": "8.50", "desconto": null, "liquido": "559.05", "baixa": null, "receber": null, "nota_debito": 10, "nota": null}}, {"model": "Financeiro.pagar", "pk": 11, "fields": {"fornecedor": 2, "inclusao": "2016-09-10", "tipo": "NDE", "mes_competencia": 4, "ano_competencia": 2016, "valor": "603.74", "transferencia": "8.50", "desconto": null, "liquido": "595.24", "baixa": null, "receber": null, "nota_debito": 11, "nota": null}}, {"model": "Financeiro.pagar", "pk": 12, "fields": {"fornecedor": 2, "inclusao": "2016-09-10", "tipo": "NDE", "mes_competencia": 4, "ano_competencia": 2016, "valor": "535.92", "transferencia": "8.50", "desconto": null, "liquido": "527.42", "baixa": null, "receber": null, "nota_debito": 12, "nota": null}}, {"model": "Financeiro.pagar", "pk": 13, "fields": {"fornecedor": 2, "inclusao": "2016-09-10", "tipo": "NDE", "mes_competencia": 5, "ano_competencia": 2016, "valor": "608.15", "transferencia": "8.50", "desconto": null, "liquido": "599.65", "baixa": null, "receber": null, "nota_debito": 13, "nota": null}}, {"model": "Financeiro.pagar", "pk": 14, "fields": {"fornecedor": 4, "inclusao": "2016-09-10", "tipo": "NDE", "mes_competencia": 5, "ano_competencia": 2016, "valor": "765.38", "transferencia": "0.00", "desconto": null, "liquido": "765.38", "baixa": null, "receber": null, "nota_debito": 14, "nota": null}}, {"model": "Financeiro.pagar", "pk": 15, "fields": {"fornecedor": 4, "inclusao": "2016-09-10", "tipo": "NDE", "mes_competencia": 5, "ano_competencia": 2016, "valor": "636.54", "transferencia": "0.00", "desconto": null, "liquido": "636.54", "baixa": null, "receber": null, "nota_debito": 15, "nota": null}}, {"model": "Financeiro.pagar", "pk": 16, "fields": {"fornecedor": 2, "inclusao": "2016-09-10", "tipo": "NDE", "mes_competencia": 5, "ano_competencia": 2016, "valor": "618.49", "transferencia": "8.50", "desconto": null, "liquido": "609.99", "baixa": null, "receber": null, "nota_debito": 16, "nota": null}}, {"model": "Financeiro.pagar", "pk": 17, "fields": {"fornecedor": 2, "inclusao": "2016-09-10", "tipo": "NDE", "mes_competencia": 9, "ano_competencia": 2016, "valor": "590.41", "transferencia": "8.50", "desconto": null, "liquido": "581.91", "baixa": null, "receber": null, "nota_debito": 17, "nota": null}}, {"model": "Financeiro.pagar", "pk": 18, "fields": {"fornecedor": 2, "inclusao": "2016-09-10", "tipo": "NDE", "mes_competencia": 5, "ano_competencia": 2016, "valor": "750.52", "transferencia": "8.50", "desconto": null, "liquido": "742.02", "baixa": null, "receber": null, "nota_debito": 18, "nota": null}}, {"model": "Financeiro.pagar", "pk": 19, "fields": {"fornecedor": 2, "inclusao": "2016-09-10", "tipo": "NDE", "mes_competencia": 9, "ano_competencia": 2016, "valor": "603.25", "transferencia": "8.50", "desconto": null, "liquido": "594.75", "baixa": null, "receber": null, "nota_debito": 19, "nota": null}}, {"model": "Financeiro.pagar", "pk": 20, "fields": {"fornecedor": 2, "inclusao": "2016-09-10", "tipo": "NDE", "mes_competencia": 6, "ano_competencia": 2016, "valor": "587.49", "transferencia": "8.50", "desconto": null, "liquido": "578.99", "baixa": null, "receber": null, "nota_debito": 20, "nota": null}}, {"model": "Financeiro.pagar", "pk": 21, "fields": {"fornecedor": 2, "inclusao": "2016-09-10", "tipo": "NDE", "mes_competencia": 6, "ano_competencia": 2016, "valor": "589.98", "transferencia": "8.50", "desconto": null, "liquido": "581.48", "baixa": null, "receber": null, "nota_debito": 21, "nota": null}}, {"model": "Financeiro.pagar", "pk": 22, "fields": {"fornecedor": 4, "inclusao": "2016-09-10", "tipo": "NDE", "mes_competencia": 9, "ano_competencia": 2016, "valor": "522.73", "transferencia": "0.00", "desconto": null, "liquido": "522.73", "baixa": null, "receber": null, "nota_debito": 22, "nota": null}}, {"model": "Financeiro.pagar", "pk": 23, "fields": {"fornecedor": 4, "inclusao": "2016-09-10", "tipo": "NDE", "mes_competencia": 7, "ano_competencia": 2016, "valor": "372.27", "transferencia": "0.00", "desconto": null, "liquido": "372.27", "baixa": null, "receber": null, "nota_debito": 23, "nota": null}}, {"model": "Financeiro.pagar", "pk": 24, "fields": {"fornecedor": 4, "inclusao": "2016-09-10", "tipo": "NDE", "mes_competencia": 7, "ano_competencia": 2016, "valor": "381.44", "transferencia": "0.00", "desconto": null, "liquido": "381.44", "baixa": null, "receber": null, "nota_debito": 24, "nota": null}}, {"model": "Financeiro.pagar", "pk": 25, "fields": {"fornecedor": 2, "inclusao": "2016-09-10", "tipo": "NDE", "mes_competencia": 9, "ano_competencia": 2016, "valor": "611.30", "transferencia": "8.50", "desconto": null, "liquido": "602.80", "baixa": null, "receber": null, "nota_debito": 25, "nota": null}}, {"model": "Financeiro.pagar", "pk": 26, "fields": {"fornecedor": 2, "inclusao": "2016-09-10", "tipo": "NDE", "mes_competencia": 7, "ano_competencia": 2016, "valor": "629.50", "transferencia": "8.50", "desconto": null, "liquido": "621.00", "baixa": null, "receber": null, "nota_debito": 26, "nota": null}}, {"model": "Financeiro.pagar", "pk": 27, "fields": {"fornecedor": 2, "inclusao": "2016-09-10", "tipo": "NDE", "mes_competencia": 9, "ano_competencia": 2016, "valor": "602.68", "transferencia": "8.50", "desconto": null, "liquido": "594.18", "baixa": null, "receber": null, "nota_debito": 27, "nota": null}}, {"model": "Financeiro.pagar", "pk": 29, "fields": {"fornecedor": 4, "inclusao": "2016-09-10", "tipo": "NDE", "mes_competencia": 9, "ano_competencia": 2016, "valor": "569.20", "transferencia": "0.00", "desconto": null, "liquido": "569.20", "baixa": null, "receber": null, "nota_debito": 28, "nota": null}}, {"model": "Financeiro.pagar", "pk": 30, "fields": {"fornecedor": 4, "inclusao": "2016-09-10", "tipo": "NDE", "mes_competencia": 8, "ano_competencia": 2016, "valor": "504.90", "transferencia": "0.00", "desconto": null, "liquido": "504.90", "baixa": null, "receber": null, "nota_debito": 29, "nota": null}}, {"model": "Financeiro.pagar", "pk": 31, "fields": {"fornecedor": 2, "inclusao": "2016-09-10", "tipo": "NDE", "mes_competencia": 8, "ano_competencia": 2016, "valor": "584.19", "transferencia": "8.50", "desconto": null, "liquido": "575.69", "baixa": null, "receber": null, "nota_debito": 30, "nota": null}}, {"model": "Financeiro.pagar", "pk": 32, "fields": {"fornecedor": 2, "inclusao": "2016-09-10", "tipo": "NDE", "mes_competencia": 8, "ano_competencia": 2016, "valor": "644.17", "transferencia": "8.50", "desconto": null, "liquido": "635.67", "baixa": null, "receber": null, "nota_debito": 31, "nota": null}}, {"model": "Financeiro.pagar", "pk": 34, "fields": {"fornecedor": 4, "inclusao": "2016-09-20", "tipo": "NDE", "mes_competencia": 9, "ano_competencia": 2016, "valor": "370.18", "transferencia": "0.00", "desconto": null, "liquido": "370.18", "baixa": null, "receber": null, "nota_debito": 33, "nota": null}}, {"model": "Financeiro.pagar", "pk": 35, "fields": {"fornecedor": 4, "inclusao": "2016-09-20", "tipo": "NDE", "mes_competencia": 9, "ano_competencia": 2016, "valor": "374.90", "transferencia": "0.00", "desconto": null, "liquido": "374.90", "baixa": null, "receber": null, "nota_debito": 34, "nota": null}}, {"model": "Financeiro.pagar", "pk": 36, "fields": {"fornecedor": 4, "inclusao": "2016-09-20", "tipo": "NDE", "mes_competencia": 9, "ano_competencia": 2016, "valor": "544.24", "transferencia": "0.00", "desconto": null, "liquido": "544.24", "baixa": null, "receber": null, "nota_debito": 35, "nota": null}}, {"model": "Financeiro.pagar", "pk": 38, "fields": {"fornecedor": 4, "inclusao": "2016-09-20", "tipo": "NDE", "mes_competencia": 9, "ano_competencia": 2016, "valor": "397.41", "transferencia": "0.00", "desconto": null, "liquido": "397.41", "baixa": null, "receber": null, "nota_debito": 37, "nota": null}}, {"model": "Financeiro.pagar", "pk": 41, "fields": {"fornecedor": 2, "inclusao": "2016-09-21", "tipo": "NDE", "mes_competencia": 9, "ano_competencia": 2016, "valor": "620.78", "transferencia": "8.50", "desconto": null, "liquido": "612.28", "baixa": null, "receber": null, "nota_debito": 39, "nota": null}}, {"model": "Financeiro.pagar", "pk": 42, "fields": {"fornecedor": 2, "inclusao": "2016-09-21", "tipo": "NDE", "mes_competencia": 9, "ano_competencia": 2016, "valor": "567.78", "transferencia": "8.50", "desconto": null, "liquido": "559.28", "baixa": null, "receber": null, "nota_debito": 40, "nota": null}}, {"model": "Financeiro.pagar", "pk": 43, "fields": {"fornecedor": 2, "inclusao": "2016-09-21", "tipo": "NDE", "mes_competencia": 9, "ano_competencia": 2016, "valor": "590.05", "transferencia": "8.50", "desconto": null, "liquido": "581.55", "baixa": null, "receber": null, "nota_debito": 41, "nota": null}}, {"model": "Financeiro.pagar", "pk": 44, "fields": {"fornecedor": 2, "inclusao": "2016-09-21", "tipo": "NDE", "mes_competencia": 9, "ano_competencia": 2016, "valor": "571.49", "transferencia": "8.50", "desconto": null, "liquido": "562.99", "baixa": null, "receber": null, "nota_debito": 42, "nota": null}}, {"model": "Financeiro.pagar", "pk": 45, "fields": {"fornecedor": 2, "inclusao": "2016-09-21", "tipo": "NDE", "mes_competencia": 9, "ano_competencia": 2016, "valor": "614.35", "transferencia": "8.50", "desconto": null, "liquido": "605.85", "baixa": null, "receber": null, "nota_debito": 43, "nota": null}}, {"model": "Financeiro.pagar", "pk": 54, "fields": {"fornecedor": 3, "inclusao": "2016-09-26", "tipo": "NAT", "mes_competencia": 9, "ano_competencia": 2016, "valor": "1307.83", "transferencia": "0.00", "desconto": null, "liquido": "1307.83", "baixa": null, "receber": 6, "nota_debito": null, "nota": null}}, {"model": "Financeiro.pagar", "pk": 55, "fields": {"fornecedor": 2, "inclusao": "2016-09-26", "tipo": "REP", "mes_competencia": 9, "ano_competencia": 2016, "valor": "14416.41", "transferencia": "8.50", "desconto": null, "liquido": "14407.91", "baixa": null, "receber": 6, "nota_debito": null, "nota": null}}, {"model": "Financeiro.pagar", "pk": 56, "fields": {"fornecedor": 2, "inclusao": "2016-09-28", "tipo": "NDE", "mes_competencia": 9, "ano_competencia": 2016, "valor": "618.35", "transferencia": "8.50", "desconto": null, "liquido": "609.85", "baixa": null, "receber": null, "nota_debito": 44, "nota": null}}, {"model": "Financeiro.pagar", "pk": 57, "fields": {"fornecedor": 2, "inclusao": "2016-09-28", "tipo": "NDE", "mes_competencia": 9, "ano_competencia": 2016, "valor": "653.35", "transferencia": "8.50", "desconto": null, "liquido": "644.85", "baixa": null, "receber": null, "nota_debito": 45, "nota": null}}, {"model": "Financeiro.pagar", "pk": 58, "fields": {"fornecedor": 4, "inclusao": "2016-10-04", "tipo": "NDE", "mes_competencia": 9, "ano_competencia": 2016, "valor": "615.31", "transferencia": "0.00", "desconto": null, "liquido": "615.31", "baixa": null, "receber": null, "nota_debito": 36, "nota": null}}, {"model": "Financeiro.pagar", "pk": 61, "fields": {"fornecedor": 4, "inclusao": "2016-10-05", "tipo": "NDE", "mes_competencia": 9, "ano_competencia": 2016, "valor": "440.00", "transferencia": "0.00", "desconto": null, "liquido": "440.00", "baixa": null, "receber": null, "nota_debito": 38, "nota": null}}, {"model": "Financeiro.pagar", "pk": 62, "fields": {"fornecedor": 4, "inclusao": "2016-10-05", "tipo": "NDE", "mes_competencia": 9, "ano_competencia": 2016, "valor": "448.87", "transferencia": "0.00", "desconto": null, "liquido": "448.87", "baixa": null, "receber": null, "nota_debito": 32, "nota": null}}, {"model": "Financeiro.pagar", "pk": 63, "fields": {"fornecedor": 2, "inclusao": "2016-10-06", "tipo": "NDE", "mes_competencia": 0, "ano_competencia": 2016, "valor": "608.49", "transferencia": "8.50", "desconto": null, "liquido": "599.99", "baixa": null, "receber": null, "nota_debito": 46, "nota": null}}, {"model": "Financeiro.pagar", "pk": 64, "fields": {"fornecedor": 2, "inclusao": "2016-10-17", "tipo": "NDE", "mes_competencia": 9, "ano_competencia": 2016, "valor": "653.35", "transferencia": "8.50", "desconto": null, "liquido": "644.85", "baixa": null, "receber": null, "nota_debito": 45, "nota": null}}, {"model": "Financeiro.pagar", "pk": 65, "fields": {"fornecedor": 2, "inclusao": "2016-10-17", "tipo": "NDE", "mes_competencia": 9, "ano_competencia": 2016, "valor": "618.35", "transferencia": "8.50", "desconto": null, "liquido": "609.85", "baixa": null, "receber": null, "nota_debito": 44, "nota": null}}, {"model": "Financeiro.pagar", "pk": 66, "fields": {"fornecedor": 4, "inclusao": "2016-10-17", "tipo": "NDE", "mes_competencia": 9, "ano_competencia": 2016, "valor": "370.18", "transferencia": "0.00", "desconto": null, "liquido": "370.18", "baixa": null, "receber": null, "nota_debito": 33, "nota": null}}, {"model": "Financeiro.pagar", "pk": 67, "fields": {"fornecedor": 4, "inclusao": "2016-10-17", "tipo": "NDE", "mes_competencia": 9, "ano_competencia": 2016, "valor": "374.90", "transferencia": "0.00", "desconto": null, "liquido": "374.90", "baixa": null, "receber": null, "nota_debito": 34, "nota": null}}, {"model": "Financeiro.pagar", "pk": 68, "fields": {"fornecedor": 4, "inclusao": "2016-10-17", "tipo": "NDE", "mes_competencia": 9, "ano_competencia": 2016, "valor": "397.41", "transferencia": "0.00", "desconto": null, "liquido": "397.41", "baixa": null, "receber": null, "nota_debito": 37, "nota": null}}, {"model": "Financeiro.pagar", "pk": 69, "fields": {"fornecedor": 4, "inclusao": "2016-10-17", "tipo": "NDE", "mes_competencia": 9, "ano_competencia": 2016, "valor": "615.31", "transferencia": "0.00", "desconto": null, "liquido": "615.31", "baixa": null, "receber": null, "nota_debito": 36, "nota": null}}, {"model": "Financeiro.pagar", "pk": 70, "fields": {"fornecedor": 2, "inclusao": "2016-10-17", "tipo": "NDE", "mes_competencia": 9, "ano_competencia": 2016, "valor": "620.78", "transferencia": "8.50", "desconto": null, "liquido": "612.28", "baixa": null, "receber": null, "nota_debito": 39, "nota": null}}, {"model": "Financeiro.pagar", "pk": 71, "fields": {"fornecedor": 2, "inclusao": "2016-10-17", "tipo": "NDE", "mes_competencia": 9, "ano_competencia": 2016, "valor": "567.78", "transferencia": "8.50", "desconto": null, "liquido": "559.28", "baixa": null, "receber": null, "nota_debito": 40, "nota": null}}, {"model": "Financeiro.pagar", "pk": 72, "fields": {"fornecedor": 2, "inclusao": "2016-10-17", "tipo": "NDE", "mes_competencia": 9, "ano_competencia": 2016, "valor": "614.35", "transferencia": "8.50", "desconto": null, "liquido": "605.85", "baixa": null, "receber": null, "nota_debito": 43, "nota": null}}, {"model": "Financeiro.pagar", "pk": 73, "fields": {"fornecedor": 2, "inclusao": "2016-10-17", "tipo": "NDE", "mes_competencia": 9, "ano_competencia": 2016, "valor": "590.05", "transferencia": "8.50", "desconto": null, "liquido": "581.55", "baixa": null, "receber": null, "nota_debito": 41, "nota": null}}, {"model": "Financeiro.pagar", "pk": 74, "fields": {"fornecedor": 2, "inclusao": "2016-10-17", "tipo": "NDE", "mes_competencia": 9, "ano_competencia": 2016, "valor": "571.49", "transferencia": "8.50", "desconto": null, "liquido": "562.99", "baixa": null, "receber": null, "nota_debito": 42, "nota": null}}, {"model": "Financeiro.pagar", "pk": 75, "fields": {"fornecedor": 2, "inclusao": "2016-10-17", "tipo": "NDE", "mes_competencia": 0, "ano_competencia": 2016, "valor": "608.49", "transferencia": "8.50", "desconto": null, "liquido": "599.99", "baixa": "2016-10-17", "receber": null, "nota_debito": 46, "nota": null}}, {"model": "Financeiro.pagar", "pk": 76, "fields": {"fornecedor": 2, "inclusao": "2016-10-19", "tipo": "NDE", "mes_competencia": 1, "ano_competencia": 2016, "valor": "638.20", "transferencia": "8.50", "desconto": "8.50", "liquido": "638.20", "baixa": "2016-10-27", "receber": null, "nota_debito": 47, "nota": null}}, {"model": "Financeiro.pagar", "pk": 77, "fields": {"fornecedor": 2, "inclusao": "2016-10-26", "tipo": "NDE", "mes_competencia": 0, "ano_competencia": 2016, "valor": "634.58", "transferencia": "8.50", "desconto": null, "liquido": "626.08", "baixa": null, "receber": null, "nota_debito": 48, "nota": null}}, {"model": "Financeiro.pagar", "pk": 78, "fields": {"fornecedor": 3, "inclusao": "2016-10-27", "tipo": "IMP", "mes_competencia": 10, "ano_competencia": 2016, "valor": "1205.51", "transferencia": "0.00", "desconto": "0.00", "liquido": "1205.51", "baixa": null, "receber": 7, "nota_debito": null, "nota": null}}, {"model": "Financeiro.pagar", "pk": 79, "fields": {"fornecedor": 2, "inclusao": "2016-10-27", "tipo": "REP", "mes_competencia": 10, "ano_competencia": 2016, "valor": "13288.49", "transferencia": "8.50", "desconto": "0.00", "liquido": "13279.99", "baixa": null, "receber": 7, "nota_debito": null, "nota": null}}, {"model": "Financeiro.pagar", "pk": 80, "fields": {"fornecedor": 2, "inclusao": "2016-11-01", "tipo": "NDE", "mes_competencia": 11, "ano_competencia": 2016, "valor": "615.47", "transferencia": "8.50", "desconto": "0.00", "liquido": "606.97", "baixa": null, "receber": null, "nota_debito": 49, "nota": null}}, {"model": "Financeiro.pagar", "pk": 89, "fields": {"fornecedor": 2, "inclusao": "2016-11-21", "tipo": "NDE", "mes_competencia": 11, "ano_competencia": 2016, "valor": "759.18", "transferencia": "8.50", "desconto": "0.00", "liquido": "750.68", "baixa": "2016-11-30", "receber": null, "nota_debito": 50, "nota": null}}, {"model": "Financeiro.pagar", "pk": 90, "fields": {"fornecedor": 2, "inclusao": "2016-11-21", "tipo": "NDE", "mes_competencia": 11, "ano_competencia": 2016, "valor": "594.49", "transferencia": "8.50", "desconto": "8.50", "liquido": "594.49", "baixa": "2016-11-30", "receber": null, "nota_debito": 51, "nota": null}}, {"model": "Financeiro.pagar", "pk": 91, "fields": {"fornecedor": 2, "inclusao": "2016-11-21", "tipo": "NDE", "mes_competencia": 11, "ano_competencia": 2016, "valor": "587.68", "transferencia": "8.50", "desconto": "8.50", "liquido": "587.68", "baixa": "2016-11-30", "receber": null, "nota_debito": 52, "nota": null}}, {"model": "Financeiro.pagar", "pk": 93, "fields": {"fornecedor": 3, "inclusao": "2016-11-28", "tipo": "IMP", "mes_competencia": 11, "ano_competencia": 2016, "valor": "2657.07", "transferencia": "0.00", "desconto": "0.00", "liquido": "2657.07", "baixa": null, "receber": null, "nota_debito": null, "nota": 4}}, {"model": "Financeiro.pagar", "pk": 94, "fields": {"fornecedor": 2, "inclusao": "2016-11-28", "tipo": "REP", "mes_competencia": 11, "ano_competencia": 2016, "valor": "14107.38", "transferencia": "8.50", "desconto": "0.00", "liquido": "14098.88", "baixa": "2016-11-28", "receber": 16, "nota_debito": null, "nota": null}}, {"model": "Financeiro.pagar", "pk": 95, "fields": {"fornecedor": 4, "inclusao": "2016-11-28", "tipo": "REP", "mes_competencia": 11, "ano_competencia": 2016, "valor": "0.00", "transferencia": "0.00", "desconto": "0.00", "liquido": "0.00", "baixa": null, "receber": 15, "nota_debito": null, "nota": null}}, {"model": "Financeiro.pagar", "pk": 96, "fields": {"fornecedor": 2, "inclusao": "2016-11-29", "tipo": "NDE", "mes_competencia": 11, "ano_competencia": 2016, "valor": "636.68", "transferencia": "8.50", "desconto": "0.00", "liquido": "628.18", "baixa": null, "receber": null, "nota_debito": 53, "nota": null}}, {"model": "Financeiro.pagar", "pk": 97, "fields": {"fornecedor": 4, "inclusao": "2016-12-28", "tipo": "REP", "mes_competencia": 12, "ano_competencia": 2016, "valor": "0.00", "transferencia": "0.00", "desconto": "0.00", "liquido": "0.00", "baixa": null, "receber": 17, "nota_debito": null, "nota": null}}, {"model": "Financeiro.pagar", "pk": 98, "fields": {"fornecedor": 3, "inclusao": "2016-12-28", "tipo": "IMP", "mes_competencia": 12, "ano_competencia": 2016, "valor": "3494.95", "transferencia": "0.00", "desconto": "0.00", "liquido": "3494.95", "baixa": null, "receber": null, "nota_debito": null, "nota": 5}}, {"model": "Financeiro.pagar", "pk": 99, "fields": {"fornecedor": 2, "inclusao": "2016-12-28", "tipo": "REP", "mes_competencia": 12, "ano_competencia": 2016, "valor": "25348.62", "transferencia": "8.50", "desconto": "-8.50", "liquido": "25331.62", "baixa": "2017-01-29", "receber": 18, "nota_debito": null, "nota": null}}, {"model": "Financeiro.pagar", "pk": 100, "fields": {"fornecedor": 2, "inclusao": "2016-12-28", "tipo": "NDE", "mes_competencia": 12, "ano_competencia": 2016, "valor": "681.97", "transferencia": "8.50", "desconto": "8.50", "liquido": "681.97", "baixa": null, "receber": null, "nota_debito": 54, "nota": null}}, {"model": "Financeiro.pagar", "pk": 101, "fields": {"fornecedor": 2, "inclusao": "2016-12-28", "tipo": "NDE", "mes_competencia": 12, "ano_competencia": 2016, "valor": "751.41", "transferencia": "8.50", "desconto": "0.00", "liquido": "742.91", "baixa": "2017-01-09", "receber": null, "nota_debito": 55, "nota": null}}, {"model": "Financeiro.pagar", "pk": 102, "fields": {"fornecedor": 2, "inclusao": "2016-12-28", "tipo": "NDE", "mes_competencia": 12, "ano_competencia": 2016, "valor": "767.76", "transferencia": "8.50", "desconto": "8.50", "liquido": "767.76", "baixa": "2017-01-09", "receber": null, "nota_debito": 56, "nota": null}}, {"model": "Financeiro.pagar", "pk": 103, "fields": {"fornecedor": 4, "inclusao": "2017-01-03", "tipo": "REP", "mes_competencia": 1, "ano_competencia": 2017, "valor": "0.00", "transferencia": "0.00", "desconto": "0.00", "liquido": "0.00", "baixa": null, "receber": 19, "nota_debito": null, "nota": null}}, {"model": "Financeiro.pagar", "pk": 104, "fields": {"fornecedor": 3, "inclusao": "2017-01-03", "tipo": "IMP", "mes_competencia": 1, "ano_competencia": 2017, "valor": "3138.95", "transferencia": "0.00", "desconto": "0.00", "liquido": "3138.95", "baixa": "2017-02-15", "receber": null, "nota_debito": null, "nota": 6}}, {"model": "Financeiro.pagar", "pk": 105, "fields": {"fornecedor": 2, "inclusao": "2017-01-03", "tipo": "REP", "mes_competencia": 1, "ano_competencia": 2017, "valor": "19098.88", "transferencia": "8.50", "desconto": "0.00", "liquido": "19090.38", "baixa": "2017-01-27", "receber": 20, "nota_debito": null, "nota": null}}, {"model": "Financeiro.pagar", "pk": 106, "fields": {"fornecedor": 2, "inclusao": "2017-01-04", "tipo": "NDE", "mes_competencia": 1, "ano_competencia": 2017, "valor": "846.40", "transferencia": "8.50", "desconto": "8.50", "liquido": "846.40", "baixa": "2017-01-13", "receber": null, "nota_debito": 57, "nota": null}}, {"model": "Financeiro.pagar", "pk": 107, "fields": {"fornecedor": 2, "inclusao": "2017-01-04", "tipo": "NDE", "mes_competencia": 1, "ano_competencia": 2017, "valor": "711.74", "transferencia": "8.50", "desconto": "8.50", "liquido": "711.74", "baixa": "2017-01-13", "receber": null, "nota_debito": 58, "nota": null}}, {"model": "Financeiro.pagar", "pk": 108, "fields": {"fornecedor": 4, "inclusao": "2017-01-08", "tipo": "NDE", "mes_competencia": 9, "ano_competencia": 2016, "valor": "249.40", "transferencia": "0.00", "desconto": "0.00", "liquido": "249.40", "baixa": null, "receber": null, "nota_debito": 59, "nota": null}}, {"model": "Financeiro.pagar", "pk": 109, "fields": {"fornecedor": 4, "inclusao": "2017-01-08", "tipo": "NDE", "mes_competencia": 1, "ano_competencia": 2017, "valor": "537.96", "transferencia": "0.00", "desconto": "0.00", "liquido": "537.96", "baixa": null, "receber": null, "nota_debito": 60, "nota": null}}, {"model": "Financeiro.pagar", "pk": 110, "fields": {"fornecedor": 4, "inclusao": "2017-01-08", "tipo": "NDE", "mes_competencia": 10, "ano_competencia": 2016, "valor": "409.45", "transferencia": "0.00", "desconto": "0.00", "liquido": "409.45", "baixa": null, "receber": null, "nota_debito": 61, "nota": null}}, {"model": "Financeiro.pagar", "pk": 111, "fields": {"fornecedor": 4, "inclusao": "2017-01-08", "tipo": "NDE", "mes_competencia": 10, "ano_competencia": 2016, "valor": "549.82", "transferencia": "0.00", "desconto": "0.00", "liquido": "549.82", "baixa": null, "receber": null, "nota_debito": 62, "nota": null}}, {"model": "Financeiro.pagar", "pk": 112, "fields": {"fornecedor": 4, "inclusao": "2017-01-08", "tipo": "NDE", "mes_competencia": 9, "ano_competencia": 2016, "valor": "325.08", "transferencia": "0.00", "desconto": "0.00", "liquido": "325.08", "baixa": null, "receber": null, "nota_debito": 63, "nota": null}}, {"model": "Financeiro.pagar", "pk": 113, "fields": {"fornecedor": 4, "inclusao": "2017-01-08", "tipo": "NDE", "mes_competencia": 10, "ano_competencia": 2016, "valor": "322.28", "transferencia": "0.00", "desconto": "0.00", "liquido": "322.28", "baixa": null, "receber": null, "nota_debito": 64, "nota": null}}, {"model": "Financeiro.pagar", "pk": 114, "fields": {"fornecedor": 4, "inclusao": "2017-01-16", "tipo": "NDE", "mes_competencia": 1, "ano_competencia": 2017, "valor": "202.51", "transferencia": "0.00", "desconto": "0.00", "liquido": "202.51", "baixa": null, "receber": null, "nota_debito": 65, "nota": null}}, {"model": "Financeiro.pagar", "pk": 115, "fields": {"fornecedor": 4, "inclusao": "2017-01-16", "tipo": "NDE", "mes_competencia": 11, "ano_competencia": 2016, "valor": "620.06", "transferencia": "0.00", "desconto": "0.00", "liquido": "620.06", "baixa": null, "receber": null, "nota_debito": 66, "nota": null}}, {"model": "Financeiro.pagar", "pk": 116, "fields": {"fornecedor": 2, "inclusao": "2017-01-19", "tipo": "NDE", "mes_competencia": 1, "ano_competencia": 2017, "valor": "827.31", "transferencia": "8.50", "desconto": "0.00", "liquido": "818.81", "baixa": "2017-01-27", "receber": null, "nota_debito": 67, "nota": null}}, {"model": "Financeiro.pagar", "pk": 117, "fields": {"fornecedor": 4, "inclusao": "2017-01-31", "tipo": "NDE", "mes_competencia": 11, "ano_competencia": 2016, "valor": "765.12", "transferencia": "0.00", "desconto": "0.00", "liquido": "765.12", "baixa": null, "receber": null, "nota_debito": 68, "nota": null}}, {"model": "Financeiro.pagar", "pk": 118, "fields": {"fornecedor": 4, "inclusao": "2017-01-31", "tipo": "NDE", "mes_competencia": 11, "ano_competencia": 2016, "valor": "613.70", "transferencia": "0.00", "desconto": "0.00", "liquido": "613.70", "baixa": "2017-02-09", "receber": null, "nota_debito": 69, "nota": null}}, {"model": "Financeiro.pagar", "pk": 119, "fields": {"fornecedor": 4, "inclusao": "2017-01-31", "tipo": "NDE", "mes_competencia": 1, "ano_competencia": 2017, "valor": "566.32", "transferencia": "0.00", "desconto": "0.00", "liquido": "566.32", "baixa": "2017-02-09", "receber": null, "nota_debito": 70, "nota": null}}, {"model": "Financeiro.pagar", "pk": 120, "fields": {"fornecedor": 2, "inclusao": "2017-01-31", "tipo": "NDE", "mes_competencia": 1, "ano_competencia": 2017, "valor": "476.99", "transferencia": "8.50", "desconto": "8.50", "liquido": "476.99", "baixa": "2017-02-09", "receber": null, "nota_debito": 71, "nota": null}}, {"model": "Financeiro.pagar", "pk": 121, "fields": {"fornecedor": 4, "inclusao": "2017-01-31", "tipo": "NDE", "mes_competencia": 1, "ano_competencia": 2017, "valor": "796.05", "transferencia": "0.00", "desconto": "0.00", "liquido": "796.05", "baixa": "2017-02-09", "receber": null, "nota_debito": 72, "nota": null}}, {"model": "Financeiro.pagar", "pk": 122, "fields": {"fornecedor": 5, "inclusao": "2017-02-02", "tipo": "REP", "mes_competencia": 2, "ano_competencia": 2017, "valor": "8261.80", "transferencia": "8.50", "desconto": "0.00", "liquido": "8253.30", "baixa": "2017-02-06", "receber": 21, "nota_debito": null, "nota": null}}, {"model": "Financeiro.pagar", "pk": 123, "fields": {"fornecedor": 3, "inclusao": "2017-02-02", "tipo": "IMP", "mes_competencia": 2, "ano_competencia": 2017, "valor": "749.50", "transferencia": "0.00", "desconto": "0.00", "liquido": "749.50", "baixa": "2017-02-14", "receber": null, "nota_debito": null, "nota": 7}}, {"model": "Financeiro.pagar", "pk": 125, "fields": {"fornecedor": 3, "inclusao": "2017-02-07", "tipo": "IMP", "mes_competencia": 2, "ano_competencia": 2017, "valor": "3497.80", "transferencia": "0.00", "desconto": "0.00", "liquido": "3497.80", "baixa": "2017-02-14", "receber": null, "nota_debito": null, "nota": 8}}, {"model": "Financeiro.pagar", "pk": 126, "fields": {"fornecedor": 2, "inclusao": "2017-02-07", "tipo": "REP", "mes_competencia": 2, "ano_competencia": 2017, "valor": "18648.55", "transferencia": "8.50", "desconto": "0.00", "liquido": "18640.05", "baixa": "2017-02-24", "receber": 23, "nota_debito": null, "nota": null}}, {"model": "Financeiro.pagar", "pk": 127, "fields": {"fornecedor": 2, "inclusao": "2017-02-12", "tipo": "NDE", "mes_competencia": 2, "ano_competencia": 2017, "valor": "756.54", "transferencia": "8.50", "desconto": "0.00", "liquido": "748.04", "baixa": "2017-02-21", "receber": null, "nota_debito": 73, "nota": null}}, {"model": "Financeiro.pagar", "pk": 128, "fields": {"fornecedor": 2, "inclusao": "2017-02-21", "tipo": "NDE", "mes_competencia": 2, "ano_competencia": 2017, "valor": "734.55", "transferencia": "8.50", "desconto": "8.50", "liquido": "734.55", "baixa": "2017-03-09", "receber": null, "nota_debito": 74, "nota": null}}, {"model": "Financeiro.pagar", "pk": 129, "fields": {"fornecedor": 2, "inclusao": "2017-02-23", "tipo": "NDE", "mes_competencia": 2, "ano_competencia": 2017, "valor": "650.70", "transferencia": "8.50", "desconto": "0.00", "liquido": "642.20", "baixa": "2017-03-09", "receber": null, "nota_debito": 75, "nota": null}}, {"model": "Financeiro.pagar", "pk": 130, "fields": {"fornecedor": 2, "inclusao": "2017-03-09", "tipo": "REP", "mes_competencia": 3, "ano_competencia": 2017, "valor": "12581.26", "transferencia": "8.50", "desconto": "0.00", "liquido": "12572.76", "baixa": "2017-03-27", "receber": 24, "nota_debito": null, "nota": null}}, {"model": "Financeiro.pagar", "pk": 131, "fields": {"fornecedor": 3, "inclusao": "2017-03-09", "tipo": "IMP", "mes_competencia": 3, "ano_competencia": 2017, "valor": "2697.28", "transferencia": "0.00", "desconto": "0.00", "liquido": "2697.28", "baixa": "2017-04-20", "receber": null, "nota_debito": null, "nota": 9}}, {"model": "Financeiro.pagar", "pk": 136, "fields": {"fornecedor": 2, "inclusao": "2017-03-28", "tipo": "NDE", "mes_competencia": 3, "ano_competencia": 2017, "valor": "693.06", "transferencia": "8.50", "desconto": "8.50", "liquido": "693.06", "baixa": "2017-04-06", "receber": null, "nota_debito": 79, "nota": null}}, {"model": "Financeiro.pagar", "pk": 137, "fields": {"fornecedor": 2, "inclusao": "2017-03-28", "tipo": "NDE", "mes_competencia": 3, "ano_competencia": 2017, "valor": "737.79", "transferencia": "8.50", "desconto": "8.50", "liquido": "737.79", "baixa": "2017-04-06", "receber": null, "nota_debito": 80, "nota": null}}, {"model": "Financeiro.pagar", "pk": 138, "fields": {"fornecedor": 2, "inclusao": "2017-03-28", "tipo": "NDE", "mes_competencia": 3, "ano_competencia": 2017, "valor": "713.25", "transferencia": "8.50", "desconto": "0.00", "liquido": "704.75", "baixa": "2017-04-06", "receber": null, "nota_debito": 81, "nota": null}}, {"model": "Financeiro.pagar", "pk": 139, "fields": {"fornecedor": 2, "inclusao": "2017-04-04", "tipo": "NDE", "mes_competencia": 4, "ano_competencia": 2017, "valor": "608.46", "transferencia": "8.50", "desconto": "8.50", "liquido": "608.46", "baixa": "2017-04-20", "receber": null, "nota_debito": 82, "nota": null}}, {"model": "Financeiro.pagar", "pk": 140, "fields": {"fornecedor": 2, "inclusao": "2017-04-04", "tipo": "NDE", "mes_competencia": 4, "ano_competencia": 2017, "valor": "653.71", "transferencia": "8.50", "desconto": "0.00", "liquido": "645.21", "baixa": "2017-04-20", "receber": null, "nota_debito": 83, "nota": null}}, {"model": "Financeiro.pagar", "pk": 144, "fields": {"fornecedor": 4, "inclusao": "2017-04-25", "tipo": "NDE", "mes_competencia": 4, "ano_competencia": 2017, "valor": "352.97", "transferencia": "0.00", "desconto": "0.00", "liquido": "352.97", "baixa": null, "receber": null, "nota_debito": 84, "nota": null}}, {"model": "Financeiro.pagar", "pk": 145, "fields": {"fornecedor": 4, "inclusao": "2017-04-25", "tipo": "NDE", "mes_competencia": 4, "ano_competencia": 2017, "valor": "112.02", "transferencia": "0.00", "desconto": "0.00", "liquido": "112.02", "baixa": null, "receber": null, "nota_debito": 85, "nota": null}}, {"model": "Financeiro.pagar", "pk": 146, "fields": {"fornecedor": 4, "inclusao": "2017-04-25", "tipo": "NDE", "mes_competencia": 4, "ano_competencia": 2017, "valor": "193.84", "transferencia": "0.00", "desconto": "0.00", "liquido": "193.84", "baixa": null, "receber": null, "nota_debito": 86, "nota": null}}, {"model": "Financeiro.pagar", "pk": 147, "fields": {"fornecedor": 4, "inclusao": "2017-04-25", "tipo": "NDE", "mes_competencia": 4, "ano_competencia": 2017, "valor": "88.67", "transferencia": "0.00", "desconto": "0.00", "liquido": "88.67", "baixa": null, "receber": null, "nota_debito": 87, "nota": null}}, {"model": "Financeiro.pagar", "pk": 148, "fields": {"fornecedor": 2, "inclusao": "2017-04-25", "tipo": "NDE", "mes_competencia": 4, "ano_competencia": 2017, "valor": "422.56", "transferencia": "8.50", "desconto": "8.50", "liquido": "422.56", "baixa": "2017-05-03", "receber": null, "nota_debito": 88, "nota": null}}, {"model": "Financeiro.pagar", "pk": 149, "fields": {"fornecedor": 2, "inclusao": "2017-04-25", "tipo": "NDE", "mes_competencia": 4, "ano_competencia": 2017, "valor": "458.06", "transferencia": "8.50", "desconto": "8.50", "liquido": "458.06", "baixa": "2017-05-03", "receber": null, "nota_debito": 89, "nota": null}}, {"model": "Financeiro.pagar", "pk": 150, "fields": {"fornecedor": 2, "inclusao": "2017-04-25", "tipo": "NDE", "mes_competencia": 4, "ano_competencia": 2017, "valor": "633.91", "transferencia": "8.50", "desconto": "0.00", "liquido": "625.41", "baixa": "2017-05-03", "receber": null, "nota_debito": 90, "nota": null}}, {"model": "Financeiro.pagar", "pk": 152, "fields": {"fornecedor": 3, "inclusao": "2017-04-25", "tipo": "IMP", "mes_competencia": 4, "ano_competencia": 2017, "valor": "3511.80", "transferencia": "0.00", "desconto": "0.00", "liquido": "3511.80", "baixa": null, "receber": null, "nota_debito": null, "nota": 11}}, {"model": "Financeiro.pagar", "pk": 153, "fields": {"fornecedor": 2, "inclusao": "2017-04-25", "tipo": "REP", "mes_competencia": 4, "ano_competencia": 2017, "valor": "19876.90", "transferencia": "8.50", "desconto": "0.00", "liquido": "19868.40", "baixa": "2017-04-26", "receber": 29, "nota_debito": null, "nota": null}}, {"model": "Financeiro.pagar", "pk": 154, "fields": {"fornecedor": 2, "inclusao": "2017-05-09", "tipo": "NDE", "mes_competencia": 5, "ano_competencia": 2017, "valor": "612.34", "transferencia": "8.50", "desconto": "0.00", "liquido": "603.84", "baixa": "2017-05-17", "receber": null, "nota_debito": 91, "nota": null}}, {"model": "Financeiro.pagar", "pk": 155, "fields": {"fornecedor": 2, "inclusao": "2017-05-09", "tipo": "NDE", "mes_competencia": 5, "ano_competencia": 2017, "valor": "620.65", "transferencia": "8.50", "desconto": "8.50", "liquido": "620.65", "baixa": "2017-05-17", "receber": null, "nota_debito": 92, "nota": null}}, {"model": "Financeiro.pagar", "pk": 160, "fields": {"fornecedor": 3, "inclusao": "2017-05-26", "tipo": "IMP", "mes_competencia": 5, "ano_competencia": 2017, "valor": "3567.61", "transferencia": "0.00", "desconto": "0.00", "liquido": "3567.61", "baixa": "2017-06-12", "receber": null, "nota_debito": null, "nota": 13}}, {"model": "Financeiro.pagar", "pk": 161, "fields": {"fornecedor": 2, "inclusao": "2017-05-26", "tipo": "REP", "mes_competencia": 5, "ano_competencia": 2017, "valor": "16488.15", "transferencia": "8.50", "desconto": "-397.54", "liquido": "16082.11", "baixa": "2017-05-26", "receber": 33, "nota_debito": null, "nota": null}}, {"model": "Financeiro.pagar", "pk": 162, "fields": {"fornecedor": 2, "inclusao": "2017-05-31", "tipo": "NDE", "mes_competencia": 5, "ano_competencia": 2017, "valor": "667.23", "transferencia": "8.50", "desconto": "8.50", "liquido": "667.23", "baixa": "2017-06-09", "receber": null, "nota_debito": 93, "nota": null}}, {"model": "Financeiro.pagar", "pk": 163, "fields": {"fornecedor": 2, "inclusao": "2017-05-31", "tipo": "NDE", "mes_competencia": 5, "ano_competencia": 2017, "valor": "574.71", "transferencia": "8.50", "desconto": "8.50", "liquido": "574.71", "baixa": null, "receber": null, "nota_debito": 94, "nota": null}}, {"model": "Financeiro.pagar", "pk": 164, "fields": {"fornecedor": 2, "inclusao": "2017-05-31", "tipo": "NDE", "mes_competencia": 5, "ano_competencia": 2017, "valor": "563.05", "transferencia": "8.50", "desconto": "0.00", "liquido": "554.55", "baixa": "2017-06-09", "receber": null, "nota_debito": 95, "nota": null}}, {"model": "Financeiro.pagar", "pk": 165, "fields": {"fornecedor": 2, "inclusao": "2017-06-06", "tipo": "NDE", "mes_competencia": 6, "ano_competencia": 2017, "valor": "720.44", "transferencia": "8.50", "desconto": "0.00", "liquido": "711.94", "baixa": null, "receber": null, "nota_debito": 96, "nota": null}}, {"model": "Financeiro.pagar", "pk": 167, "fields": {"fornecedor": 4, "inclusao": "2017-06-06", "tipo": "NDE", "mes_competencia": 6, "ano_competencia": 2017, "valor": "464.95", "transferencia": "0.00", "desconto": "0.00", "liquido": "464.95", "baixa": null, "receber": null, "nota_debito": 98, "nota": null}}, {"model": "Financeiro.pagar", "pk": 168, "fields": {"fornecedor": 4, "inclusao": "2017-06-06", "tipo": "NDE", "mes_competencia": 6, "ano_competencia": 2017, "valor": "533.54", "transferencia": "0.00", "desconto": "0.00", "liquido": "533.54", "baixa": null, "receber": null, "nota_debito": 99, "nota": null}}, {"model": "Financeiro.notadebito", "pk": 1, "fields": {"inclusao": "2016-09-10", "mes_competencia": 1, "ano_competencia": 2016, "valor": "440.41", "valor_repasse": "440.41", "taxa": null, "liquido": "0.00", "baixa": null, "despesa": "029378", "despesa_antiga": "01000001", "analista": 2, "cliente_atendimento": 2}}, {"model": "Financeiro.notadebito", "pk": 2, "fields": {"inclusao": "2016-09-10", "mes_competencia": 1, "ano_competencia": 2016, "valor": "659.86", "valor_repasse": "659.86", "taxa": null, "liquido": "0.00", "baixa": null, "despesa": "029368", "despesa_antiga": "", "analista": 2, "cliente_atendimento": 2}}, {"model": "Financeiro.notadebito", "pk": 3, "fields": {"inclusao": "2016-09-10", "mes_competencia": 9, "ano_competencia": 2016, "valor": "614.58", "valor_repasse": "614.58", "taxa": null, "liquido": "0.00", "baixa": null, "despesa": "029434", "despesa_antiga": "01000003", "analista": 2, "cliente_atendimento": 2}}, {"model": "Financeiro.notadebito", "pk": 4, "fields": {"inclusao": "2016-09-10", "mes_competencia": 2, "ano_competencia": 2016, "valor": "556.40", "valor_repasse": "556.40", "taxa": null, "liquido": "0.00", "baixa": null, "despesa": "029475", "despesa_antiga": "01000004", "analista": 2, "cliente_atendimento": 2}}, {"model": "Financeiro.notadebito", "pk": 5, "fields": {"inclusao": "2016-09-10", "mes_competencia": 3, "ano_competencia": 2016, "valor": "672.31", "valor_repasse": "672.31", "taxa": null, "liquido": "0.00", "baixa": null, "despesa": "029678", "despesa_antiga": "01000005", "analista": 2, "cliente_atendimento": 2}}, {"model": "Financeiro.notadebito", "pk": 6, "fields": {"inclusao": "2016-09-10", "mes_competencia": 3, "ano_competencia": 2016, "valor": "403.45", "valor_repasse": "403.45", "taxa": null, "liquido": "0.00", "baixa": null, "despesa": "029692", "despesa_antiga": "01000006", "analista": 2, "cliente_atendimento": 2}}, {"model": "Financeiro.notadebito", "pk": 8, "fields": {"inclusao": "2016-09-10", "mes_competencia": 9, "ano_competencia": 2016, "valor": "565.10", "valor_repasse": "565.10", "taxa": null, "liquido": "0.00", "baixa": null, "despesa": "029768", "despesa_antiga": "01000007", "analista": 1, "cliente_atendimento": 2}}, {"model": "Financeiro.notadebito", "pk": 9, "fields": {"inclusao": "2016-09-10", "mes_competencia": 4, "ano_competencia": 2016, "valor": "565.69", "valor_repasse": "565.69", "taxa": null, "liquido": "0.00", "baixa": null, "despesa": "029769", "despesa_antiga": "01000008", "analista": 1, "cliente_atendimento": 2}}, {"model": "Financeiro.notadebito", "pk": 10, "fields": {"inclusao": "2016-09-10", "mes_competencia": 9, "ano_competencia": 2016, "valor": "567.55", "valor_repasse": "567.55", "taxa": null, "liquido": "0.00", "baixa": null, "despesa": "029770", "despesa_antiga": "01000009", "analista": 1, "cliente_atendimento": 2}}, {"model": "Financeiro.notadebito", "pk": 11, "fields": {"inclusao": "2016-09-10", "mes_competencia": 4, "ano_competencia": 2016, "valor": "603.74", "valor_repasse": "603.74", "taxa": null, "liquido": "0.00", "baixa": null, "despesa": "029771", "despesa_antiga": "01000010", "analista": 1, "cliente_atendimento": 2}}, {"model": "Financeiro.notadebito", "pk": 12, "fields": {"inclusao": "2016-09-10", "mes_competencia": 4, "ano_competencia": 2016, "valor": "535.92", "valor_repasse": "535.92", "taxa": null, "liquido": "0.00", "baixa": null, "despesa": "029931", "despesa_antiga": "01000011", "analista": 1, "cliente_atendimento": 2}}, {"model": "Financeiro.notadebito", "pk": 13, "fields": {"inclusao": "2016-09-10", "mes_competencia": 5, "ano_competencia": 2016, "valor": "608.15", "valor_repasse": "608.15", "taxa": null, "liquido": "0.00", "baixa": null, "despesa": "029928", "despesa_antiga": "01000012", "analista": 1, "cliente_atendimento": 2}}, {"model": "Financeiro.notadebito", "pk": 14, "fields": {"inclusao": "2016-09-10", "mes_competencia": 5, "ano_competencia": 2016, "valor": "765.38", "valor_repasse": "765.38", "taxa": null, "liquido": "0.00", "baixa": null, "despesa": "029892", "despesa_antiga": "01000013", "analista": 2, "cliente_atendimento": 2}}, {"model": "Financeiro.notadebito", "pk": 15, "fields": {"inclusao": "2016-09-10", "mes_competencia": 5, "ano_competencia": 2016, "valor": "636.54", "valor_repasse": "636.54", "taxa": null, "liquido": "0.00", "baixa": null, "despesa": "029891", "despesa_antiga": "01000014", "analista": 2, "cliente_atendimento": 2}}, {"model": "Financeiro.notadebito", "pk": 16, "fields": {"inclusao": "2016-09-10", "mes_competencia": 5, "ano_competencia": 2016, "valor": "618.49", "valor_repasse": "618.49", "taxa": null, "liquido": "0.00", "baixa": null, "despesa": "029929", "despesa_antiga": "01000015", "analista": 1, "cliente_atendimento": 2}}, {"model": "Financeiro.notadebito", "pk": 17, "fields": {"inclusao": "2016-09-10", "mes_competencia": 9, "ano_competencia": 2016, "valor": "590.41", "valor_repasse": "590.41", "taxa": null, "liquido": "0.00", "baixa": null, "despesa": "029927", "despesa_antiga": "01000016", "analista": 1, "cliente_atendimento": 2}}, {"model": "Financeiro.notadebito", "pk": 18, "fields": {"inclusao": "2016-09-10", "mes_competencia": 5, "ano_competencia": 2016, "valor": "750.52", "valor_repasse": "750.52", "taxa": null, "liquido": "0.00", "baixa": null, "despesa": "029930", "despesa_antiga": "01000017", "analista": 1, "cliente_atendimento": 2}}, {"model": "Financeiro.notadebito", "pk": 19, "fields": {"inclusao": "2016-09-10", "mes_competencia": 9, "ano_competencia": 2016, "valor": "603.25", "valor_repasse": "603.25", "taxa": null, "liquido": "0.00", "baixa": null, "despesa": "030136", "despesa_antiga": "01000018", "analista": 1, "cliente_atendimento": 2}}, {"model": "Financeiro.notadebito", "pk": 20, "fields": {"inclusao": "2016-09-10", "mes_competencia": 6, "ano_competencia": 2016, "valor": "587.49", "valor_repasse": "587.49", "taxa": null, "liquido": "0.00", "baixa": null, "despesa": "030095", "despesa_antiga": "01000019", "analista": 1, "cliente_atendimento": 2}}, {"model": "Financeiro.notadebito", "pk": 21, "fields": {"inclusao": "2016-09-10", "mes_competencia": 6, "ano_competencia": 2016, "valor": "589.98", "valor_repasse": "589.98", "taxa": null, "liquido": "0.00", "baixa": null, "despesa": "030093", "despesa_antiga": "01000020", "analista": 1, "cliente_atendimento": 2}}, {"model": "Financeiro.notadebito", "pk": 22, "fields": {"inclusao": "2016-09-10", "mes_competencia": 9, "ano_competencia": 2016, "valor": "522.73", "valor_repasse": "522.73", "taxa": null, "liquido": "0.00", "baixa": null, "despesa": "030079", "despesa_antiga": "01000020", "analista": 2, "cliente_atendimento": 2}}, {"model": "Financeiro.notadebito", "pk": 23, "fields": {"inclusao": "2016-09-10", "mes_competencia": 7, "ano_competencia": 2016, "valor": "372.27", "valor_repasse": "372.27", "taxa": null, "liquido": "0.00", "baixa": null, "despesa": "030078", "despesa_antiga": "01000022", "analista": 2, "cliente_atendimento": 2}}, {"model": "Financeiro.notadebito", "pk": 24, "fields": {"inclusao": "2016-09-10", "mes_competencia": 7, "ano_competencia": 2016, "valor": "381.44", "valor_repasse": "381.44", "taxa": null, "liquido": "0.00", "baixa": null, "despesa": "030220", "despesa_antiga": "01000023", "analista": 2, "cliente_atendimento": 2}}, {"model": "Financeiro.notadebito", "pk": 25, "fields": {"inclusao": "2016-09-10", "mes_competencia": 9, "ano_competencia": 2016, "valor": "611.30", "valor_repasse": "611.30", "taxa": null, "liquido": "0.00", "baixa": null, "despesa": "030138", "despesa_antiga": "01000024", "analista": 1, "cliente_atendimento": 2}}, {"model": "Financeiro.notadebito", "pk": 26, "fields": {"inclusao": "2016-09-10", "mes_competencia": 7, "ano_competencia": 2016, "valor": "629.50", "valor_repasse": "629.50", "taxa": null, "liquido": "0.00", "baixa": null, "despesa": "030286", "despesa_antiga": "01000025", "analista": 1, "cliente_atendimento": 2}}, {"model": "Financeiro.notadebito", "pk": 27, "fields": {"inclusao": "2016-09-10", "mes_competencia": 9, "ano_competencia": 2016, "valor": "602.68", "valor_repasse": "602.68", "taxa": null, "liquido": "0.00", "baixa": null, "despesa": "030287", "despesa_antiga": "01000026", "analista": 1, "cliente_atendimento": 2}}, {"model": "Financeiro.notadebito", "pk": 28, "fields": {"inclusao": "2016-09-10", "mes_competencia": 9, "ano_competencia": 2016, "valor": "569.20", "valor_repasse": "569.20", "taxa": null, "liquido": "0.00", "baixa": null, "despesa": "030294", "despesa_antiga": "01000027", "analista": 2, "cliente_atendimento": 2}}, {"model": "Financeiro.notadebito", "pk": 29, "fields": {"inclusao": "2016-09-10", "mes_competencia": 8, "ano_competencia": 2016, "valor": "504.90", "valor_repasse": "504.90", "taxa": null, "liquido": "0.00", "baixa": null, "despesa": "030265", "despesa_antiga": "01000028", "analista": 2, "cliente_atendimento": 2}}, {"model": "Financeiro.notadebito", "pk": 30, "fields": {"inclusao": "2016-09-10", "mes_competencia": 8, "ano_competencia": 2016, "valor": "584.19", "valor_repasse": "584.19", "taxa": null, "liquido": "0.00", "baixa": null, "despesa": "030292", "despesa_antiga": "01000029", "analista": 1, "cliente_atendimento": 2}}, {"model": "Financeiro.notadebito", "pk": 31, "fields": {"inclusao": "2016-09-10", "mes_competencia": 8, "ano_competencia": 2016, "valor": "644.17", "valor_repasse": "644.17", "taxa": null, "liquido": "0.00", "baixa": null, "despesa": "030293", "despesa_antiga": "01000030", "analista": 1, "cliente_atendimento": 2}}, {"model": "Financeiro.notadebito", "pk": 32, "fields": {"inclusao": "2016-09-20", "mes_competencia": 9, "ano_competencia": 2016, "valor": "448.87", "valor_repasse": "448.87", "taxa": null, "liquido": "0.00", "baixa": "2016-10-26", "despesa": "M030551138", "despesa_antiga": "", "analista": 2, "cliente_atendimento": 2}}, {"model": "Financeiro.notadebito", "pk": 33, "fields": {"inclusao": "2016-09-20", "mes_competencia": 9, "ano_competencia": 2016, "valor": "370.18", "valor_repasse": "370.18", "taxa": null, "liquido": "0.00", "baixa": "2016-10-10", "despesa": "M030551143", "despesa_antiga": "", "analista": 2, "cliente_atendimento": 2}}, {"model": "Financeiro.notadebito", "pk": 34, "fields": {"inclusao": "2016-09-20", "mes_competencia": 9, "ano_competencia": 2016, "valor": "374.90", "valor_repasse": "374.90", "taxa": null, "liquido": "0.00", "baixa": "2016-10-10", "despesa": "M030551144", "despesa_antiga": "", "analista": 2, "cliente_atendimento": 2}}, {"model": "Financeiro.notadebito", "pk": 35, "fields": {"inclusao": "2016-09-20", "mes_competencia": 9, "ano_competencia": 2016, "valor": "544.24", "valor_repasse": "544.24", "taxa": null, "liquido": "0.00", "baixa": "2016-10-26", "despesa": "M030551145", "despesa_antiga": "", "analista": 2, "cliente_atendimento": 2}}, {"model": "Financeiro.notadebito", "pk": 36, "fields": {"inclusao": "2016-09-20", "mes_competencia": 9, "ano_competencia": 2016, "valor": "615.31", "valor_repasse": "615.31", "taxa": null, "liquido": "0.00", "baixa": "2016-10-10", "despesa": "0303470157", "despesa_antiga": "", "analista": 2, "cliente_atendimento": 2}}, {"model": "Financeiro.notadebito", "pk": 37, "fields": {"inclusao": "2016-09-20", "mes_competencia": 9, "ano_competencia": 2016, "valor": "397.41", "valor_repasse": "397.41", "taxa": null, "liquido": "0.00", "baixa": "2016-10-10", "despesa": "M030551146", "despesa_antiga": "", "analista": 2, "cliente_atendimento": 2}}, {"model": "Financeiro.notadebito", "pk": 38, "fields": {"inclusao": "2016-09-20", "mes_competencia": 9, "ano_competencia": 2016, "valor": "440.00", "valor_repasse": "440.00", "taxa": null, "liquido": "0.00", "baixa": null, "despesa": "0303470220", "despesa_antiga": "", "analista": 2, "cliente_atendimento": 2}}, {"model": "Financeiro.notadebito", "pk": 39, "fields": {"inclusao": "2016-09-21", "mes_competencia": 9, "ano_competencia": 2016, "valor": "620.78", "valor_repasse": "620.78", "taxa": null, "liquido": "0.00", "baixa": "2016-09-29", "despesa": "0303470031", "despesa_antiga": "", "analista": 1, "cliente_atendimento": 2}}, {"model": "Financeiro.notadebito", "pk": 40, "fields": {"inclusao": "2016-09-21", "mes_competencia": 9, "ano_competencia": 2016, "valor": "567.78", "valor_repasse": "567.78", "taxa": null, "liquido": "0.00", "baixa": "2016-09-29", "despesa": "0303470032", "despesa_antiga": "", "analista": 1, "cliente_atendimento": 2}}, {"model": "Financeiro.notadebito", "pk": 41, "fields": {"inclusao": "2016-09-21", "mes_competencia": 9, "ano_competencia": 2016, "valor": "590.05", "valor_repasse": "590.05", "taxa": null, "liquido": "0.00", "baixa": "2016-09-29", "despesa": "0303470033", "despesa_antiga": "", "analista": 1, "cliente_atendimento": 2}}, {"model": "Financeiro.notadebito", "pk": 42, "fields": {"inclusao": "2016-09-21", "mes_competencia": 9, "ano_competencia": 2016, "valor": "571.49", "valor_repasse": "571.49", "taxa": null, "liquido": "0.00", "baixa": "2016-09-29", "despesa": "0303470034", "despesa_antiga": "", "analista": 1, "cliente_atendimento": 2}}, {"model": "Financeiro.notadebito", "pk": 43, "fields": {"inclusao": "2016-09-21", "mes_competencia": 9, "ano_competencia": 2016, "valor": "614.35", "valor_repasse": "614.35", "taxa": null, "liquido": "0.00", "baixa": "2016-09-29", "despesa": "0303470035", "despesa_antiga": "", "analista": 1, "cliente_atendimento": 2}}, {"model": "Financeiro.notadebito", "pk": 44, "fields": {"inclusao": "2016-09-28", "mes_competencia": 9, "ano_competencia": 2016, "valor": "618.35", "valor_repasse": "618.35", "taxa": null, "liquido": "0.00", "baixa": "2016-10-07", "despesa": "0303470036", "despesa_antiga": "", "analista": 1, "cliente_atendimento": 2}}, {"model": "Financeiro.notadebito", "pk": 45, "fields": {"inclusao": "2016-09-28", "mes_competencia": 9, "ano_competencia": 2016, "valor": "653.35", "valor_repasse": "653.35", "taxa": null, "liquido": "0.00", "baixa": "2016-10-07", "despesa": "0303470218", "despesa_antiga": "", "analista": 1, "cliente_atendimento": 2}}, {"model": "Financeiro.notadebito", "pk": 46, "fields": {"inclusao": "2016-10-06", "mes_competencia": 0, "ano_competencia": 2016, "valor": "608.49", "valor_repasse": "608.49", "taxa": null, "liquido": "0.00", "baixa": "2016-10-17", "despesa": "0303470226", "despesa_antiga": "", "analista": 1, "cliente_atendimento": 2}}, {"model": "Financeiro.notadebito", "pk": 47, "fields": {"inclusao": "2016-10-19", "mes_competencia": 0, "ano_competencia": 2016, "valor": "638.20", "valor_repasse": "638.20", "taxa": null, "liquido": "0.00", "baixa": "2016-10-27", "despesa": "0303470225", "despesa_antiga": "", "analista": 1, "cliente_atendimento": 2}}, {"model": "Financeiro.notadebito", "pk": 48, "fields": {"inclusao": "2016-10-26", "mes_competencia": 0, "ano_competencia": 2016, "valor": "634.58", "valor_repasse": "634.58", "taxa": null, "liquido": "0.00", "baixa": null, "despesa": "0303470219", "despesa_antiga": "", "analista": 1, "cliente_atendimento": 2}}, {"model": "Financeiro.notadebito", "pk": 49, "fields": {"inclusao": "2016-11-01", "mes_competencia": 11, "ano_competencia": 2016, "valor": "615.47", "valor_repasse": "615.47", "taxa": null, "liquido": "0.00", "baixa": null, "despesa": "0303470227", "despesa_antiga": "", "analista": 1, "cliente_atendimento": 2}}, {"model": "Financeiro.notadebito", "pk": 50, "fields": {"inclusao": "2016-11-21", "mes_competencia": 11, "ano_competencia": 2016, "valor": "759.18", "valor_repasse": "759.18", "taxa": null, "liquido": "0.00", "baixa": "2016-11-30", "despesa": "0303470457", "despesa_antiga": "", "analista": 1, "cliente_atendimento": 2}}, {"model": "Financeiro.notadebito", "pk": 51, "fields": {"inclusao": "2016-11-21", "mes_competencia": 11, "ano_competencia": 2016, "valor": "594.49", "valor_repasse": "594.49", "taxa": null, "liquido": "0.00", "baixa": "2016-11-30", "despesa": "0303470461", "despesa_antiga": "", "analista": 1, "cliente_atendimento": 2}}, {"model": "Financeiro.notadebito", "pk": 52, "fields": {"inclusao": "2016-11-21", "mes_competencia": 11, "ano_competencia": 2016, "valor": "587.68", "valor_repasse": "587.68", "taxa": null, "liquido": "0.00", "baixa": "2016-11-30", "despesa": "0303470462", "despesa_antiga": "", "analista": 1, "cliente_atendimento": 2}}, {"model": "Financeiro.notadebito", "pk": 53, "fields": {"inclusao": "2016-11-29", "mes_competencia": 11, "ano_competencia": 2016, "valor": "636.68", "valor_repasse": "636.68", "taxa": null, "liquido": "0.00", "baixa": null, "despesa": "0303470463", "despesa_antiga": "", "analista": 1, "cliente_atendimento": 2}}, {"model": "Financeiro.notadebito", "pk": 54, "fields": {"inclusao": "2016-12-28", "mes_competencia": 12, "ano_competencia": 2016, "valor": "681.97", "valor_repasse": "681.97", "taxa": null, "liquido": "0.00", "baixa": "2017-01-04", "despesa": "0303470464", "despesa_antiga": "", "analista": 1, "cliente_atendimento": 2}}, {"model": "Financeiro.notadebito", "pk": 55, "fields": {"inclusao": "2016-12-28", "mes_competencia": 12, "ano_competencia": 2016, "valor": "751.41", "valor_repasse": "751.41", "taxa": null, "liquido": "0.00", "baixa": "2017-01-04", "despesa": "0303470623", "despesa_antiga": "", "analista": 1, "cliente_atendimento": 2}}, {"model": "Financeiro.notadebito", "pk": 56, "fields": {"inclusao": "2016-12-28", "mes_competencia": 12, "ano_competencia": 2016, "valor": "767.76", "valor_repasse": "767.76", "taxa": null, "liquido": "0.00", "baixa": "2017-01-04", "despesa": "0303470603", "despesa_antiga": "", "analista": 1, "cliente_atendimento": 2}}, {"model": "Financeiro.notadebito", "pk": 57, "fields": {"inclusao": "2017-01-04", "mes_competencia": 1, "ano_competencia": 2017, "valor": "846.40", "valor_repasse": "846.40", "taxa": null, "liquido": "0.00", "baixa": "2017-01-13", "despesa": "0303470604", "despesa_antiga": null, "analista": 1, "cliente_atendimento": 2}}, {"model": "Financeiro.notadebito", "pk": 58, "fields": {"inclusao": "2017-01-04", "mes_competencia": 1, "ano_competencia": 2017, "valor": "711.74", "valor_repasse": "711.74", "taxa": null, "liquido": "0.00", "baixa": "2017-01-13", "despesa": "0303470648", "despesa_antiga": null, "analista": 1, "cliente_atendimento": 2}}, {"model": "Financeiro.notadebito", "pk": 59, "fields": {"inclusao": "2017-01-08", "mes_competencia": 9, "ano_competencia": 2016, "valor": "249.40", "valor_repasse": "249.40", "taxa": null, "liquido": "0.00", "baixa": null, "despesa": "M030553124", "despesa_antiga": null, "analista": 2, "cliente_atendimento": 2}}, {"model": "Financeiro.notadebito", "pk": 60, "fields": {"inclusao": "2017-01-08", "mes_competencia": 1, "ano_competencia": 2017, "valor": "537.96", "valor_repasse": "537.96", "taxa": null, "liquido": "0.00", "baixa": "2017-01-23", "despesa": "M030553125", "despesa_antiga": null, "analista": 2, "cliente_atendimento": 2}}, {"model": "Financeiro.notadebito", "pk": 61, "fields": {"inclusao": "2017-01-08", "mes_competencia": 10, "ano_competencia": 2016, "valor": "409.45", "valor_repasse": "409.45", "taxa": null, "liquido": "0.00", "baixa": null, "despesa": "M030553126", "despesa_antiga": null, "analista": 2, "cliente_atendimento": 5}}, {"model": "Financeiro.notadebito", "pk": 62, "fields": {"inclusao": "2017-01-08", "mes_competencia": 10, "ano_competencia": 2016, "valor": "549.82", "valor_repasse": "549.82", "taxa": null, "liquido": "0.00", "baixa": "2017-01-23", "despesa": "M030553127", "despesa_antiga": null, "analista": 2, "cliente_atendimento": 6}}, {"model": "Financeiro.notadebito", "pk": 63, "fields": {"inclusao": "2017-01-08", "mes_competencia": 9, "ano_competencia": 2016, "valor": "325.08", "valor_repasse": "325.08", "taxa": null, "liquido": "0.00", "baixa": "2017-01-23", "despesa": "M030553128", "despesa_antiga": null, "analista": 2, "cliente_atendimento": 6}}, {"model": "Financeiro.notadebito", "pk": 64, "fields": {"inclusao": "2017-01-08", "mes_competencia": 10, "ano_competencia": 2016, "valor": "322.28", "valor_repasse": "322.28", "taxa": null, "liquido": "0.00", "baixa": null, "despesa": "M030553129", "despesa_antiga": null, "analista": 2, "cliente_atendimento": 6}}, {"model": "Financeiro.notadebito", "pk": 65, "fields": {"inclusao": "2017-01-16", "mes_competencia": 1, "ano_competencia": 2017, "valor": "202.51", "valor_repasse": "202.51", "taxa": null, "liquido": "0.00", "baixa": null, "despesa": "M030553208", "despesa_antiga": null, "analista": 2, "cliente_atendimento": 6}}, {"model": "Financeiro.notadebito", "pk": 66, "fields": {"inclusao": "2017-01-16", "mes_competencia": 11, "ano_competencia": 2016, "valor": "620.06", "valor_repasse": "620.06", "taxa": null, "liquido": "0.00", "baixa": null, "despesa": "M030553262", "despesa_antiga": null, "analista": 2, "cliente_atendimento": 6}}, {"model": "Financeiro.notadebito", "pk": 67, "fields": {"inclusao": "2017-01-19", "mes_competencia": 1, "ano_competencia": 2017, "valor": "827.31", "valor_repasse": "827.31", "taxa": null, "liquido": "0.00", "baixa": "2017-01-27", "despesa": "0303470649", "despesa_antiga": null, "analista": 1, "cliente_atendimento": 2}}, {"model": "Financeiro.notadebito", "pk": 68, "fields": {"inclusao": "2017-01-31", "mes_competencia": 11, "ano_competencia": 2016, "valor": "765.12", "valor_repasse": "765.12", "taxa": null, "liquido": "0.00", "baixa": null, "despesa": "0303470544", "despesa_antiga": null, "analista": 2, "cliente_atendimento": 6}}, {"model": "Financeiro.notadebito", "pk": 69, "fields": {"inclusao": "2017-01-31", "mes_competencia": 11, "ano_competencia": 2016, "valor": "613.70", "valor_repasse": "613.70", "taxa": null, "liquido": "0.00", "baixa": null, "despesa": "M030553301", "despesa_antiga": null, "analista": 2, "cliente_atendimento": 2}}, {"model": "Financeiro.notadebito", "pk": 70, "fields": {"inclusao": "2017-01-31", "mes_competencia": 1, "ano_competencia": 2017, "valor": "566.32", "valor_repasse": "566.32", "taxa": null, "liquido": "0.00", "baixa": "2017-02-09", "despesa": "0303470650", "despesa_antiga": null, "analista": 1, "cliente_atendimento": 2}}, {"model": "Financeiro.notadebito", "pk": 71, "fields": {"inclusao": "2017-01-31", "mes_competencia": 1, "ano_competencia": 2017, "valor": "476.99", "valor_repasse": "476.99", "taxa": null, "liquido": "0.00", "baixa": "2017-02-09", "despesa": "0303470651", "despesa_antiga": null, "analista": 1, "cliente_atendimento": 2}}, {"model": "Financeiro.notadebito", "pk": 72, "fields": {"inclusao": "2017-01-31", "mes_competencia": 1, "ano_competencia": 2017, "valor": "796.05", "valor_repasse": "796.05", "taxa": null, "liquido": "0.00", "baixa": "2017-02-09", "despesa": "0303470652", "despesa_antiga": null, "analista": 1, "cliente_atendimento": 2}}, {"model": "Financeiro.notadebito", "pk": 73, "fields": {"inclusao": "2017-02-12", "mes_competencia": 2, "ano_competencia": 2017, "valor": "756.54", "valor_repasse": "756.54", "taxa": null, "liquido": "0.00", "baixa": "2017-02-21", "despesa": "0303470744", "despesa_antiga": null, "analista": 1, "cliente_atendimento": 2}}, {"model": "Financeiro.notadebito", "pk": 74, "fields": {"inclusao": "2017-02-21", "mes_competencia": 2, "ano_competencia": 2017, "valor": "734.55", "valor_repasse": "734.55", "taxa": null, "liquido": "0.00", "baixa": "2017-03-09", "despesa": "0303470766", "despesa_antiga": null, "analista": 1, "cliente_atendimento": 6}}, {"model": "Financeiro.notadebito", "pk": 75, "fields": {"inclusao": "2017-02-23", "mes_competencia": 2, "ano_competencia": 2017, "valor": "650.70", "valor_repasse": "650.70", "taxa": null, "liquido": "0.00", "baixa": "2017-03-09", "despesa": "0303470767", "despesa_antiga": null, "analista": 1, "cliente_atendimento": 6}}, {"model": "Financeiro.notadebito", "pk": 76, "fields": {"inclusao": "2017-03-26", "mes_competencia": 3, "ano_competencia": 2017, "valor": "403.00", "valor_repasse": "403.00", "taxa": null, "liquido": "0.00", "baixa": "2017-04-05", "despesa": "M030554491", "despesa_antiga": null, "analista": 2, "cliente_atendimento": 2}}, {"model": "Financeiro.notadebito", "pk": 77, "fields": {"inclusao": "2017-03-26", "mes_competencia": 3, "ano_competencia": 2017, "valor": "229.86", "valor_repasse": "229.86", "taxa": null, "liquido": "0.00", "baixa": "2017-04-05", "despesa": "M030554492", "despesa_antiga": null, "analista": 2, "cliente_atendimento": 2}}, {"model": "Financeiro.notadebito", "pk": 78, "fields": {"inclusao": "2017-03-26", "mes_competencia": 3, "ano_competencia": 2017, "valor": "205.85", "valor_repasse": "205.85", "taxa": null, "liquido": "0.00", "baixa": "2017-04-05", "despesa": "M030554493", "despesa_antiga": null, "analista": 2, "cliente_atendimento": 2}}, {"model": "Financeiro.notadebito", "pk": 79, "fields": {"inclusao": "2017-03-28", "mes_competencia": 3, "ano_competencia": 2017, "valor": "693.06", "valor_repasse": "693.06", "taxa": null, "liquido": "0.00", "baixa": "2017-04-05", "despesa": "0303470768", "despesa_antiga": null, "analista": 1, "cliente_atendimento": 6}}, {"model": "Financeiro.notadebito", "pk": 80, "fields": {"inclusao": "2017-03-28", "mes_competencia": 3, "ano_competencia": 2017, "valor": "737.79", "valor_repasse": "737.79", "taxa": null, "liquido": "0.00", "baixa": "2017-04-05", "despesa": "0303470942", "despesa_antiga": null, "analista": 1, "cliente_atendimento": 6}}, {"model": "Financeiro.notadebito", "pk": 81, "fields": {"inclusao": "2017-03-28", "mes_competencia": 3, "ano_competencia": 2017, "valor": "713.25", "valor_repasse": "713.25", "taxa": null, "liquido": "0.00", "baixa": "2017-04-05", "despesa": "0303470943", "despesa_antiga": null, "analista": 1, "cliente_atendimento": 6}}, {"model": "Financeiro.notadebito", "pk": 82, "fields": {"inclusao": "2017-04-04", "mes_competencia": 4, "ano_competencia": 2017, "valor": "608.46", "valor_repasse": "608.46", "taxa": null, "liquido": "0.00", "baixa": "2017-04-20", "despesa": "0303470944", "despesa_antiga": null, "analista": 1, "cliente_atendimento": 6}}, {"model": "Financeiro.notadebito", "pk": 83, "fields": {"inclusao": "2017-04-04", "mes_competencia": 4, "ano_competencia": 2017, "valor": "653.71", "valor_repasse": "653.71", "taxa": null, "liquido": "0.00", "baixa": "2017-04-20", "despesa": "0303470984", "despesa_antiga": null, "analista": 1, "cliente_atendimento": 6}}, {"model": "Financeiro.notadebito", "pk": 84, "fields": {"inclusao": "2017-04-25", "mes_competencia": 4, "ano_competencia": 2017, "valor": "352.97", "valor_repasse": "352.97", "taxa": null, "liquido": "0.00", "baixa": null, "despesa": "M030555492", "despesa_antiga": null, "analista": 2, "cliente_atendimento": 2}}, {"model": "Financeiro.notadebito", "pk": 85, "fields": {"inclusao": "2017-04-25", "mes_competencia": 4, "ano_competencia": 2017, "valor": "112.02", "valor_repasse": "112.02", "taxa": null, "liquido": "0.00", "baixa": null, "despesa": "M030555493", "despesa_antiga": null, "analista": 2, "cliente_atendimento": 2}}, {"model": "Financeiro.notadebito", "pk": 86, "fields": {"inclusao": "2017-04-25", "mes_competencia": 4, "ano_competencia": 2017, "valor": "193.84", "valor_repasse": "193.84", "taxa": null, "liquido": "0.00", "baixa": null, "despesa": "M030555494", "despesa_antiga": null, "analista": 2, "cliente_atendimento": 2}}, {"model": "Financeiro.notadebito", "pk": 87, "fields": {"inclusao": "2017-04-25", "mes_competencia": 4, "ano_competencia": 2017, "valor": "88.67", "valor_repasse": "88.67", "taxa": null, "liquido": "0.00", "baixa": null, "despesa": "M030555495", "despesa_antiga": null, "analista": 2, "cliente_atendimento": 2}}, {"model": "Financeiro.notadebito", "pk": 88, "fields": {"inclusao": "2017-04-25", "mes_competencia": 4, "ano_competencia": 2017, "valor": "422.56", "valor_repasse": "422.56", "taxa": null, "liquido": "0.00", "baixa": "2017-05-03", "despesa": "0303470985", "despesa_antiga": null, "analista": 1, "cliente_atendimento": 2}}, {"model": "Financeiro.notadebito", "pk": 89, "fields": {"inclusao": "2017-04-25", "mes_competencia": 4, "ano_competencia": 2017, "valor": "458.06", "valor_repasse": "458.06", "taxa": null, "liquido": "0.00", "baixa": "2017-05-03", "despesa": "0303470983", "despesa_antiga": null, "analista": 1, "cliente_atendimento": 2}}, {"model": "Financeiro.notadebito", "pk": 90, "fields": {"inclusao": "2017-04-25", "mes_competencia": 4, "ano_competencia": 2017, "valor": "633.91", "valor_repasse": "633.91", "taxa": null, "liquido": "0.00", "baixa": "2017-05-03", "despesa": "0303471103", "despesa_antiga": null, "analista": 1, "cliente_atendimento": 2}}, {"model": "Financeiro.notadebito", "pk": 91, "fields": {"inclusao": "2017-05-09", "mes_competencia": 5, "ano_competencia": 2017, "valor": "612.34", "valor_repasse": "612.34", "taxa": null, "liquido": "0.00", "baixa": null, "despesa": "0303471147", "despesa_antiga": null, "analista": 1, "cliente_atendimento": 2}}, {"model": "Financeiro.notadebito", "pk": 92, "fields": {"inclusao": "2017-05-09", "mes_competencia": 5, "ano_competencia": 2017, "valor": "620.65", "valor_repasse": "620.65", "taxa": null, "liquido": "0.00", "baixa": null, "despesa": "0303471186", "despesa_antiga": null, "analista": 1, "cliente_atendimento": 2}}, {"model": "Financeiro.notadebito", "pk": 93, "fields": {"inclusao": "2017-05-31", "mes_competencia": 5, "ano_competencia": 2017, "valor": "667.23", "valor_repasse": "667.23", "taxa": null, "liquido": "0.00", "baixa": "2017-06-09", "despesa": "0303471187", "despesa_antiga": null, "analista": 1, "cliente_atendimento": 2}}, {"model": "Financeiro.notadebito", "pk": 94, "fields": {"inclusao": "2017-05-31", "mes_competencia": 5, "ano_competencia": 2017, "valor": "574.71", "valor_repasse": "574.71", "taxa": null, "liquido": "0.00", "baixa": "2017-06-09", "despesa": "0303471233", "despesa_antiga": null, "analista": 1, "cliente_atendimento": 2}}, {"model": "Financeiro.notadebito", "pk": 95, "fields": {"inclusao": "2017-05-31", "mes_competencia": 5, "ano_competencia": 2017, "valor": "563.05", "valor_repasse": "563.05", "taxa": null, "liquido": "0.00", "baixa": "2017-06-09", "despesa": "0303471234", "despesa_antiga": null, "analista": 1, "cliente_atendimento": 2}}, {"model": "Financeiro.notadebito", "pk": 96, "fields": {"inclusao": "2017-06-06", "mes_competencia": 6, "ano_competencia": 2017, "valor": "720.44", "valor_repasse": "720.44", "taxa": null, "liquido": "0.00", "baixa": null, "despesa": "0303471236", "despesa_antiga": null, "analista": 1, "cliente_atendimento": 2}}, {"model": "Financeiro.notadebito", "pk": 97, "fields": {"inclusao": "2017-06-06", "mes_competencia": 6, "ano_competencia": 2017, "valor": "644.53", "valor_repasse": "644.53", "taxa": null, "liquido": "0.00", "baixa": null, "despesa": "M030556296", "despesa_antiga": null, "analista": 2, "cliente_atendimento": 2}}, {"model": "Financeiro.notadebito", "pk": 98, "fields": {"inclusao": "2017-06-06", "mes_competencia": 6, "ano_competencia": 2017, "valor": "464.95", "valor_repasse": "464.95", "taxa": null, "liquido": "0.00", "baixa": null, "despesa": "M030556297", "despesa_antiga": null, "analista": 2, "cliente_atendimento": 2}}, {"model": "Financeiro.notadebito", "pk": 99, "fields": {"inclusao": "2017-06-06", "mes_competencia": 6, "ano_competencia": 2017, "valor": "533.54", "valor_repasse": "533.54", "taxa": null, "liquido": "0.00", "baixa": null, "despesa": "M030556298", "despesa_antiga": null, "analista": 2, "cliente_atendimento": 2}}]